{
  "policy_type": "linear_contextual_bandit",
  "feature_dim": 9,
  "action_names": [
    "flat",
    "front_heavy",
    "front_aggressive",
    "entropy_proportional",
    "entropy_sharp"
  ],
  "weights": [
    [
      -3.6149096488952637,
      -1.4021508693695068,
      -1.141047477722168,
      0.7205000519752502,
      0.1376195251941681,
      0.1562986522912979,
      1.3820433616638184,
      0.0517125129699707,
      0.26012763381004333
    ],
    [
      0.0008139782585203648,
      0.0006060553714632988,
      4.1949228091198165e-08,
      0.0014604972675442696,
      0.00010424936044728383,
      0.0012980203609913588,
      0.0002765410172287375,
      0.05430689826607704,
      0.006361228413879871
    ],
    [
      -2.1452558040618896,
      -2.277102470397949,
      -1.8192107677459717,
      0.3777349591255188,
      0.1569249927997589,
      1.320439100265503,
      2.102945327758789,
      0.054828789085149765,
      0.007129976060241461
    ],
    [
      -3.7961442470550537,
      -1.3569515943527222,
      -1.003818392753601,
      0.7709665298461914,
      0.12702542543411255,
      -1.1046185493469238,
      -0.9631298184394836,
      0.1237650066614151,
      0.030731769278645515
    ],
    [
      -3.108994245529175,
      -1.4793124198913574,
      -0.029280923306941986,
      0.5204972624778748,
      0.039272863417863846,
      0.6760114431381226,
      -1.6951804161071777,
      0.09264791011810303,
      0.010924870148301125
    ]
  ],
  "bias": [
    0.033203125,
    0.0004242726427037269,
    0.00042834991472773254,
    0.0024317577481269836,
    0.0007238117977976799
  ],
  "metadata": {
    "num_records": 4400,
    "ridge_lambda": 1.0
  }
}