{
  "dataset": "gsm8k",
  "max_samples": 16,
  "max_new_tokens": 128,
  "temperature": 0.0,
  "tree_budget": 128,
  "num_entropy_points": 4185,
  "global_summary": {
    "min": 1.7656985562553018e-07,
    "p10": 0.01831361018121243,
    "p25": 0.32369422912597656,
    "p33": 0.6162810254096985,
    "p50": 1.2723088264465332,
    "p67": 2.0092250156402587,
    "p75": 2.436509132385254,
    "p90": 3.372053480148315,
    "p95": 3.7907208919525144,
    "max": 5.165322780609131,
    "mean": 1.489002916491972,
    "std": 1.2549584713289839
  },
  "threshold_recommendations": {
    "3_bins": [
      0.6162810254096985,
      2.0092250156402587
    ],
    "4_bins": [
      0.32369422912597656,
      1.2723088264465332,
      2.436509132385254
    ]
  },
  "per_depth_summary": {
    "0": {
      "min": 8.050437827478163e-07,
      "p10": 0.00024331370950676502,
      "p25": 0.006320054642856121,
      "p33": 0.021116894111037267,
      "p50": 0.06261427700519562,
      "p67": 0.44393539011478445,
      "p75": 0.6368963718414307,
      "p90": 1.2035012722015386,
      "p95": 1.5832649469375608,
      "max": 2.9025795459747314,
      "mean": 0.3777673793308233,
      "std": 0.5418818531508726
    },
    "1": {
      "min": 3.617410300194024e-07,
      "p10": 0.0008542072959244252,
      "p25": 0.023352334275841713,
      "p33": 0.05985346175730231,
      "p50": 0.34617576003074646,
      "p67": 0.7654709494113923,
      "p75": 1.1547681093215942,
      "p90": 1.7130986690521242,
      "p95": 2.090106177330017,
      "max": 3.7713961601257324,
      "mean": 0.6390161108350714,
      "std": 0.7425919317287862
    },
    "2": {
      "min": 1.7656985562553018e-07,
      "p10": 0.006912933848798275,
      "p25": 0.07311853021383286,
      "p33": 0.19123766511678703,
      "p50": 0.6226098537445068,
      "p67": 1.1199185538291934,
      "p75": 1.3078808784484863,
      "p90": 2.088235378265382,
      "p95": 2.7038229227066024,
      "max": 4.018874168395996,
      "mean": 0.8701943146899414,
      "std": 0.9092887746275571
    },
    "3": {
      "min": 4.0431203274238214e-07,
      "p10": 0.004704301059246064,
      "p25": 0.16612528264522552,
      "p33": 0.36748526811599735,
      "p50": 0.8761460185050964,
      "p67": 1.3553359031677248,
      "p75": 1.7114757895469666,
      "p90": 2.5415334701538095,
      "p95": 3.031467509269713,
      "max": 4.293727397918701,
      "mean": 1.0817796234345782,
      "std": 1.0123602003359107
    },
    "4": {
      "min": 2.885222784243524e-06,
      "p10": 0.01328654903918505,
      "p25": 0.2849012315273285,
      "p33": 0.5300311660766602,
      "p50": 1.0472275018692017,
      "p67": 1.6401689910888675,
      "p75": 1.893062174320221,
      "p90": 2.793573951721192,
      "p95": 3.1784169435501095,
      "max": 4.049408912658691,
      "mean": 1.2537315701696812,
      "std": 1.0668397353715264
    },
    "5": {
      "min": 5.035866479374818e-07,
      "p10": 0.02655324265360832,
      "p25": 0.31260043382644653,
      "p33": 0.5837348008155825,
      "p50": 1.112977147102356,
      "p67": 1.860537543296814,
      "p75": 2.0795613527297974,
      "p90": 2.9356972217559822,
      "p95": 3.4916996479034403,
      "max": 4.707516670227051,
      "mean": 1.348036686073953,
      "std": 1.1363420563804076
    },
    "6": {
      "min": 2.2702636215399252e-06,
      "p10": 0.01566325481981039,
      "p25": 0.29304325580596924,
      "p33": 0.5036922252178192,
      "p50": 1.0966676473617554,
      "p67": 1.87427004814148,
      "p75": 2.281132221221924,
      "p90": 3.08311243057251,
      "p95": 3.6179768800735475,
      "max": 4.657050609588623,
      "mean": 1.4023702645068197,
      "std": 1.2019617671494485
    },
    "7": {
      "min": 5.136319305165671e-05,
      "p10": 0.03683039695024491,
      "p25": 0.44055020809173584,
      "p33": 0.6457365119457246,
      "p50": 1.3576092720031738,
      "p67": 2.0156629467010503,
      "p75": 2.425086259841919,
      "p90": 3.2091486454010023,
      "p95": 3.750731968879699,
      "max": 4.613038063049316,
      "mean": 1.523041131342781,
      "std": 1.2168587863874676
    },
    "8": {
      "min": 3.722206747625023e-05,
      "p10": 0.042640660703182225,
      "p25": 0.5703097581863403,
      "p33": 0.8376645922660829,
      "p50": 1.4801793098449707,
      "p67": 2.2631299018859865,
      "p75": 2.6298166513442993,
      "p90": 3.40266809463501,
      "p95": 3.7689598798751804,
      "max": 4.6019368171691895,
      "mean": 1.6518214283133736,
      "std": 1.2481207901237117
    },
    "9": {
      "min": 1.1236421414650977e-05,
      "p10": 0.0611196130514145,
      "p25": 0.6171883940696716,
      "p33": 0.916227196455002,
      "p50": 1.6086362600326538,
      "p67": 2.3851518535614016,
      "p75": 2.67063570022583,
      "p90": 3.53213930130005,
      "p95": 3.8580229997634863,
      "max": 4.740180015563965,
      "mean": 1.7347472693371233,
      "std": 1.2702447104384593
    },
    "10": {
      "min": 1.541080928291194e-05,
      "p10": 0.09509437978267671,
      "p25": 0.6419875025749207,
      "p33": 0.9737234723567963,
      "p50": 1.71491539478302,
      "p67": 2.490308866500855,
      "p75": 2.7797878980636597,
      "p90": 3.5517062187194828,
      "p95": 4.003353738784787,
      "max": 4.951454162597656,
      "mean": 1.7970371829757423,
      "std": 1.2748546366789024
    },
    "11": {
      "min": 0.000242476788116619,
      "p10": 0.21759623587131502,
      "p25": 0.8890396952629089,
      "p33": 1.1997927474975587,
      "p50": 1.9833059310913086,
      "p67": 2.601319446563721,
      "p75": 2.912610650062561,
      "p90": 3.615145254135132,
      "p95": 4.017003202438352,
      "max": 5.112916946411133,
      "mean": 1.9429473205365024,
      "std": 1.2447176552506547
    },
    "12": {
      "min": 4.4804735807701945e-05,
      "p10": 0.3150869965553284,
      "p25": 1.113821804523468,
      "p33": 1.424539957046509,
      "p50": 2.092972755432129,
      "p67": 2.7752969312667846,
      "p75": 3.101860523223877,
      "p90": 3.731115102767945,
      "p95": 4.106565713882446,
      "max": 5.160394668579102,
      "mean": 2.0950324900926502,
      "std": 1.2559066729520334
    },
    "13": {
      "min": 0.0003296861541457474,
      "p10": 0.4621403455734253,
      "p25": 1.3560134768486023,
      "p33": 1.6300554132461549,
      "p50": 2.2798027992248535,
      "p67": 2.820232319831849,
      "p75": 3.1573071479797363,
      "p90": 3.8771072387695313,
      "p95": 4.169111108779906,
      "max": 5.165322780609131,
      "mean": 2.230575569006356,
      "std": 1.2184741438668838
    },
    "14": {
      "min": 0.00048500869888812304,
      "p10": 0.7008133649826049,
      "p25": 1.5297208428382874,
      "p33": 1.825752465724945,
      "p50": 2.6010963916778564,
      "p67": 2.9476483964920046,
      "p75": 3.3075023889541626,
      "p90": 3.970540761947632,
      "p95": 4.301991033554077,
      "max": 5.096845626831055,
      "mean": 2.3869454067341875,
      "std": 1.2095343552931017
    }
  }
}